BEGIN TRANSACTION;
DROP TABLE IF EXISTS "tabdelegaciones";
CREATE TABLE "tabdelegaciones" (
	"idPais"	INTEGER,
	"pais"	TEXT DEFAULT NULL,
	"bandera"	TEXT DEFAULT NULL,
	"turnos"	INTEGER DEFAULT NULL,
	"enforo"	tinyINTEGER DEFAULT NULL,
	PRIMARY KEY("idPais")
);
DROP TABLE IF EXISTS "tabdelegados";
CREATE TABLE "tabdelegados" (
	"Delegado"	TEXT,
	"Curso"	TEXT,
	"idPais"	INTEGER,
	"idNota"	INTEGER
);
DROP TABLE IF EXISTS "tabfaltas";
CREATE TABLE "tabfaltas" (
	"falta"	TEXT
);
DROP TABLE IF EXISTS "tabmesa";
CREATE TABLE "tabmesa" (
	"Presidente"	TEXT,
	"Moderador"	TEXT,
	"Secretario"	TEXT,
	"Evaluador"	TEXT,
	"Foro"	TEXT,
	"Año"	INTEGER
);
DROP TABLE IF EXISTS "tabnota";
CREATE TABLE "tabnota" (
	"idNota"	INTEGER,
	"Desc"	TEXT,
	"Nota"	REAL,
	PRIMARY KEY("idNota" AUTOINCREMENT)
);
DROP TABLE IF EXISTS "tabtiempos";
CREATE TABLE "tabtiempos" (
	"lectura"	INTEGER,
	"cuestionar"	INTEGER,
	"pensar"	INTEGER,
	"contestar"	INTEGER
);
INSERT INTO "tabdelegaciones" ("idPais","pais","bandera","turnos","enforo") VALUES (1,'Afganistán','link',0,2),
 (2,'Albania','link',0,0),
 (3,'Alemania','link',0,2),
 (4,'Andorra','link',0,0),
 (5,'Angola','link',0,0),
 (6,'Antigua y Barbuda','link',0,0),
 (7,'Arabia Saudita','link',0,0),
 (8,'Argelia','link',0,0),
 (9,'Argentina','link',0,0),
 (10,'Armenia','link',0,0),
 (11,'Australia','link',0,0),
 (12,'Austria','link',0,0),
 (13,'Azerbaiyán','link',0,0),
 (14,'Bahamas','link',0,0),
 (15,'Baréin','link',0,0),
 (16,'Bangladés','link',0,0),
 (17,'Barbados','link',0,0),
 (18,'Belarús','link',0,0),
 (19,'Bélgica','link',0,0),
 (20,'Belice','link',0,0),
 (21,'Benín','link',0,0),
 (22,'Bután','link',0,0),
 (23,'Bolivia','link',0,0),
 (24,'Bosnia y Herzegovina','link',0,0),
 (25,'Botsuana','link',0,0),
 (26,'Brasil','link',0,0),
 (27,'Brunéi','link',0,0),
 (28,'Bulgaria','link',0,0),
 (29,'Burkina Faso','link',0,0),
 (30,'Burundi','link',0,0),
 (31,'Cabo Verde','link',0,0),
 (32,'Camboya','link',0,0),
 (33,'Camerún','link',0,0),
 (34,'Canadá','link',0,0),
 (35,'Catar','link',0,0),
 (36,'Chad','link',0,0),
 (37,'Chile','link',0,0),
 (38,'China','link',0,0),
 (39,'Chipre','link',0,0),
 (40,'Colombia','link',0,0),
 (41,'Comoras','link',0,0),
 (42,'Corea del Norte','link',0,0),
 (43,'Corea del Sur','link',0,0),
 (44,'Costa Rica','link',0,0),
 (45,'Costa de Marfil','link',0,0),
 (46,'Croacia','link',0,0),
 (47,'Cuba','link',0,0),
 (48,'Dinamarca','link',0,0),
 (49,'Dominica','link',0,0),
 (50,'Ecuador','link',0,2),
 (51,'Egipto','link',0,0),
 (52,'El Salvador','link',0,0),
 (53,'Emiratos Árabes Unidos','link',0,0),
 (54,'Eritrea','link',0,0),
 (55,'Eslovaquia','link',0,0),
 (56,'Eslovenia','link',0,0),
 (57,'España','link',0,0),
 (58,'Estados Unidos','link',0,0),
 (59,'Estonia','link',0,0),
 (60,'Esuatini','link',0,0),
 (61,'Etiopía','link',0,0),
 (62,'Filipinas','link',0,0),
 (63,'Finlandia','link',0,0),
 (64,'Fiyi','link',0,0),
 (65,'Francia','link',0,0),
 (66,'Gabón','link',0,0),
 (67,'Gambia','link',0,0),
 (68,'Georgia','link',0,0),
 (69,'Ghana','link',0,0),
 (70,'Granada','link',0,0),
 (71,'Grecia','link',0,0),
 (72,'Guatemala','link',0,0),
 (73,'Guinea','link',0,0),
 (74,'Guinea-Bisáu','link',0,0),
 (75,'Guinea Ecuatorial','link',0,0),
 (76,'Guyana','link',0,0),
 (77,'Haití','link',0,0),
 (78,'Honduras','link',0,0),
 (79,'Hungría','link',0,0),
 (80,'India','link',0,0),
 (81,'Indonesia','link',0,0),
 (82,'Irak','link',0,0),
 (83,'Irán','link',0,0),
 (84,'Irlanda','link',0,0),
 (85,'Islandia','link',0,0),
 (86,'Islas Marshall','link',0,0),
 (87,'Islas Salomón','link',0,0),
 (88,'Israel','link',0,0),
 (89,'Italia','link',0,0),
 (90,'Jamaica','link',0,0),
 (91,'Japón','link',0,0),
 (92,'Jordania','link',0,0),
 (93,'Kazajistán','link',0,0),
 (94,'Kenia','link',0,0),
 (95,'Kirguistán','link',0,0),
 (96,'Kiribati','link',0,0),
 (97,'Kuwait','link',0,0),
 (98,'Laos','link',0,0),
 (99,'Lesoto','link',0,0),
 (100,'Letonia','link',0,0),
 (101,'Líbano','link',0,0),
 (102,'Liberia','link',0,0),
 (103,'Libia','link',0,0),
 (104,'Liechtenstein','link',0,0),
 (105,'Lituania','link',0,0),
 (106,'Luxemburgo','link',0,0),
 (107,'Madagascar','link',0,0),
 (108,'Malasia','link',0,0),
 (109,'Malaui','link',0,0),
 (110,'Maldivas','link',0,0),
 (111,'Malí','link',0,0),
 (112,'Malta','link',0,0),
 (113,'Marruecos','link',0,0),
 (114,'Mauricio','link',0,0),
 (115,'Mauritania','link',0,0),
 (116,'México','link',0,0),
 (117,'Micronesia','link',0,0),
 (118,'Moldavia','link',0,0),
 (119,'Mónaco','link',0,0),
 (120,'Mongolia','link',0,0),
 (121,'Montenegro','link',0,0),
 (122,'Mozambique','link',0,0),
 (123,'Myanmar','link',0,0),
 (124,'Namibia','link',0,0),
 (125,'Nauru','link',0,0),
 (126,'Nepal','link',0,0),
 (127,'Nicaragua','link',0,0),
 (128,'Níger','link',0,0),
 (129,'Nigeria','link',0,0),
 (130,'Noruega','link',0,0),
 (131,'Nueva Zelanda','link',0,0),
 (132,'Omán','link',0,0),
 (133,'Países Bajos','link',0,0),
 (134,'Pakistán','link',0,0),
 (135,'Palaos','link',0,0),
 (136,'Panamá','link',0,0),
 (137,'Papúa Nueva Guinea','link',0,0),
 (138,'Paraguay','link',0,0),
 (139,'Perú','link',0,0),
 (140,'Polonia','link',0,0),
 (141,'Portugal','link',0,0),
 (142,'Reino Unido','link',0,0),
 (143,'República Centroafricana','link',0,0),
 (144,'República Checa','link',0,0),
 (145,'República del Congo','link',0,0),
 (146,'República Dominicana','link',0,0),
 (147,'Ruanda','link',0,0),
 (148,'Rumania','link',0,0),
 (149,'Rusia','link',0,0),
 (150,'Samoa','link',0,0),
 (151,'San Cristóbal y Nieves','link',0,0),
 (152,'San Marino','link',0,0),
 (153,'San Vicente y las Granadinas','link',0,0),
 (154,'Santa Lucía','link',0,0),
 (155,'Santo Tomé y Príncipe','link',0,0),
 (156,'Senegal','link',0,0),
 (157,'Serbia','link',0,0),
 (158,'Seychelles','link',0,0),
 (159,'Sierra Leona','link',0,0),
 (160,'Singapur','link',0,0),
 (161,'Siria','link',0,0),
 (162,'Somalia','link',0,0),
 (163,'Sri Lanka','link',0,0),
 (164,'Sudáfrica','link',0,0),
 (165,'Sudán','link',0,0),
 (166,'Sudán del Sur','link',0,0),
 (167,'Suecia','link',0,0),
 (168,'Suiza','link',0,0),
 (169,'Surinam','link',0,0),
 (170,'Tailandia','link',0,0),
 (171,'Tanzania','link',0,0),
 (172,'Tayikistán','link',0,0),
 (173,'Timor Oriental','link',0,0),
 (174,'Togo','link',0,0),
 (175,'Tonga','link',0,0),
 (176,'Trinidad y Tobago','link',0,0),
 (177,'Túnez','link',0,0),
 (178,'Turkmenistán','link',0,0),
 (179,'Turquía','link',0,0),
 (180,'Tuvalu','link',0,0),
 (181,'Ucrania','link',0,0),
 (182,'Uganda','link',0,0),
 (183,'Uruguay','link',0,0),
 (184,'Uzbekistán','link',0,0),
 (185,'Vanuatu','link',0,0),
 (186,'Venezuela','link',0,0),
 (187,'Vietnam','link',0,0),
 (188,'Yemen','link',0,0),
 (189,'Yibuti','link',0,0),
 (190,'Zambia','link',0,0),
 (191,'Zimbabue','link',0,0),
 (192,'Alto Paraguay','link',0,0),
 (193,'Alto Paraná','link',0,0),
 (194,'Amambay','link',0,0),
 (195,'Boquerón','link',0,0),
 (196,'Caaguazú','link',0,0),
 (197,'Caazapá','link',0,0),
 (198,'Canindeyú','link',0,0),
 (199,'Central','link',0,0),
 (200,'Concepción','link',0,0),
 (201,'Cordillera','link',0,0),
 (202,'Guairá','link',0,0),
 (203,'Itapúa','link',0,0),
 (204,'Misiones','link',0,0),
 (205,'Ñeembucú','link',0,0),
 (206,'Paraguarí','link',0,0),
 (207,'Presidente Hayes','link',0,0),
 (208,'San Pedro','link',0,0);
INSERT INTO "tabdelegados" ("Delegado","Curso","idPais","idNota") VALUES ('Nara Diaz','3 T',1,1),
 (NULL,'',1,2),
 (NULL,NULL,2,3),
 (NULL,NULL,2,4),
 ('Ana Fernandez',NULL,3,5),
 ('Lia Boveda',NULL,3,6),
 (NULL,NULL,4,7),
 (NULL,NULL,4,8),
 (NULL,NULL,5,9),
 (NULL,NULL,5,10),
 (NULL,NULL,6,11),
 (NULL,NULL,6,12),
 (NULL,NULL,7,13),
 (NULL,NULL,7,14),
 (NULL,NULL,8,15),
 (NULL,NULL,8,16),
 (NULL,NULL,9,17),
 (NULL,NULL,9,18),
 (NULL,NULL,10,19),
 (NULL,NULL,10,20),
 (NULL,NULL,11,21),
 (NULL,NULL,11,22),
 (NULL,NULL,12,23),
 (NULL,NULL,12,24),
 (NULL,NULL,13,25),
 (NULL,NULL,13,26),
 (NULL,NULL,14,27),
 (NULL,NULL,14,28),
 (NULL,NULL,15,29),
 (NULL,NULL,15,30),
 (NULL,NULL,16,31),
 (NULL,NULL,16,32),
 (NULL,NULL,17,33),
 (NULL,NULL,17,34),
 (NULL,NULL,18,35),
 (NULL,NULL,18,36),
 (NULL,NULL,19,37),
 (NULL,NULL,19,38),
 (NULL,NULL,20,39),
 (NULL,NULL,20,40),
 (NULL,NULL,21,41),
 (NULL,NULL,21,42),
 (NULL,NULL,22,43),
 (NULL,NULL,22,44),
 (NULL,NULL,23,45),
 (NULL,NULL,23,46),
 (NULL,NULL,24,47),
 (NULL,NULL,24,48),
 (NULL,NULL,25,49),
 (NULL,NULL,25,50),
 (NULL,NULL,26,51),
 (NULL,NULL,26,52),
 (NULL,NULL,27,53),
 (NULL,NULL,27,54),
 (NULL,NULL,28,55),
 (NULL,NULL,28,56),
 (NULL,NULL,29,57),
 (NULL,NULL,29,58),
 (NULL,NULL,30,59),
 (NULL,NULL,30,60),
 (NULL,NULL,31,61),
 (NULL,NULL,31,62),
 (NULL,NULL,32,63),
 (NULL,NULL,32,64),
 (NULL,NULL,33,65),
 (NULL,NULL,33,66),
 (NULL,NULL,34,67),
 (NULL,NULL,34,68),
 (NULL,NULL,35,69),
 (NULL,NULL,35,70),
 (NULL,NULL,36,71),
 (NULL,NULL,36,72),
 (NULL,NULL,37,73),
 (NULL,NULL,37,74),
 (NULL,NULL,38,75),
 (NULL,NULL,38,76),
 (NULL,NULL,39,77),
 (NULL,NULL,39,78),
 (NULL,NULL,40,79),
 (NULL,NULL,40,80),
 (NULL,NULL,41,81),
 (NULL,NULL,41,82),
 (NULL,NULL,42,83),
 (NULL,NULL,42,84),
 (NULL,NULL,43,85),
 (NULL,NULL,43,86),
 (NULL,NULL,44,87),
 (NULL,NULL,44,88),
 (NULL,NULL,45,89),
 (NULL,NULL,45,90),
 (NULL,NULL,46,91),
 (NULL,NULL,46,92),
 (NULL,NULL,47,93),
 (NULL,NULL,47,94),
 (NULL,NULL,48,95),
 (NULL,NULL,48,96),
 (NULL,NULL,49,97),
 (NULL,NULL,49,98),
 ('Benjamin Valiente',NULL,50,99),
 (NULL,NULL,50,100),
 (NULL,NULL,51,101),
 (NULL,NULL,51,102),
 (NULL,NULL,52,103),
 (NULL,NULL,52,104),
 (NULL,NULL,53,105),
 (NULL,NULL,53,106),
 (NULL,NULL,54,107),
 (NULL,NULL,54,108),
 (NULL,NULL,55,109),
 (NULL,NULL,55,110),
 (NULL,NULL,56,111),
 (NULL,NULL,56,112),
 (NULL,NULL,57,113),
 (NULL,NULL,57,114),
 (NULL,NULL,58,115),
 (NULL,NULL,58,116),
 (NULL,NULL,59,117),
 (NULL,NULL,59,118),
 (NULL,NULL,60,119),
 (NULL,NULL,60,120),
 (NULL,NULL,61,121),
 (NULL,NULL,61,122),
 (NULL,NULL,62,123),
 (NULL,NULL,62,124),
 (NULL,NULL,63,125),
 (NULL,NULL,63,126),
 (NULL,NULL,64,127),
 (NULL,NULL,64,128),
 (NULL,NULL,65,129),
 (NULL,NULL,65,130),
 (NULL,NULL,66,131),
 (NULL,NULL,66,132),
 (NULL,NULL,67,133),
 (NULL,NULL,67,134),
 (NULL,NULL,68,135),
 (NULL,NULL,68,136),
 (NULL,NULL,69,137),
 (NULL,NULL,69,138),
 (NULL,NULL,70,139),
 (NULL,NULL,70,140),
 (NULL,NULL,71,141),
 (NULL,NULL,71,142),
 (NULL,NULL,72,143),
 (NULL,NULL,72,144),
 (NULL,NULL,73,145),
 (NULL,NULL,73,146),
 (NULL,NULL,74,147),
 (NULL,NULL,74,148),
 (NULL,NULL,75,149),
 (NULL,NULL,75,150),
 (NULL,NULL,76,151),
 (NULL,NULL,76,152),
 (NULL,NULL,77,153),
 (NULL,NULL,77,154),
 (NULL,NULL,78,155),
 (NULL,NULL,78,156),
 (NULL,NULL,79,157),
 (NULL,NULL,79,158),
 (NULL,NULL,80,159),
 (NULL,NULL,80,160),
 (NULL,NULL,81,161),
 (NULL,NULL,81,162),
 (NULL,NULL,82,163),
 (NULL,NULL,82,164),
 (NULL,NULL,83,165),
 (NULL,NULL,83,166),
 (NULL,NULL,84,167),
 (NULL,NULL,84,168),
 (NULL,NULL,85,169),
 (NULL,NULL,85,170),
 (NULL,NULL,86,171),
 (NULL,NULL,86,172),
 (NULL,NULL,87,173),
 (NULL,NULL,87,174),
 (NULL,NULL,88,175),
 (NULL,NULL,88,176),
 (NULL,NULL,89,177),
 (NULL,NULL,89,178),
 (NULL,NULL,90,179),
 (NULL,NULL,90,180),
 (NULL,NULL,91,181),
 (NULL,NULL,91,182),
 (NULL,NULL,92,183),
 (NULL,NULL,92,184),
 (NULL,NULL,93,185),
 (NULL,NULL,93,186),
 (NULL,NULL,94,187),
 (NULL,NULL,94,188),
 (NULL,NULL,95,189),
 (NULL,NULL,95,190),
 (NULL,NULL,96,191),
 (NULL,NULL,96,192),
 (NULL,NULL,97,193),
 (NULL,NULL,97,194),
 (NULL,NULL,98,195),
 (NULL,NULL,98,196),
 (NULL,NULL,99,197),
 (NULL,NULL,99,198),
 (NULL,NULL,100,199),
 (NULL,NULL,100,200),
 (NULL,NULL,101,201),
 (NULL,NULL,101,202),
 (NULL,NULL,102,203),
 (NULL,NULL,102,204),
 (NULL,NULL,103,205),
 (NULL,NULL,103,206),
 (NULL,NULL,104,207),
 (NULL,NULL,104,208),
 (NULL,NULL,105,209),
 (NULL,NULL,105,210),
 (NULL,NULL,106,211),
 (NULL,NULL,106,212),
 (NULL,NULL,107,213),
 (NULL,NULL,107,214),
 (NULL,NULL,108,215),
 (NULL,NULL,108,216),
 (NULL,NULL,109,217),
 (NULL,NULL,109,218),
 (NULL,NULL,110,219),
 (NULL,NULL,110,220),
 (NULL,NULL,111,221),
 (NULL,NULL,111,222),
 (NULL,NULL,112,223),
 (NULL,NULL,112,224),
 (NULL,NULL,113,225),
 (NULL,NULL,113,226),
 (NULL,NULL,114,227),
 (NULL,NULL,114,228),
 (NULL,NULL,115,229),
 (NULL,NULL,115,230),
 (NULL,NULL,116,231),
 (NULL,NULL,116,232),
 (NULL,NULL,117,233),
 (NULL,NULL,117,234),
 (NULL,NULL,118,235),
 (NULL,NULL,118,236),
 (NULL,NULL,119,237),
 (NULL,NULL,119,238),
 (NULL,NULL,120,239),
 (NULL,NULL,120,240),
 (NULL,NULL,121,241),
 (NULL,NULL,121,242),
 (NULL,NULL,122,243),
 (NULL,NULL,122,244),
 (NULL,NULL,123,245),
 (NULL,NULL,123,246),
 (NULL,NULL,124,247),
 (NULL,NULL,124,248),
 (NULL,NULL,125,249),
 (NULL,NULL,125,250),
 (NULL,NULL,126,251),
 (NULL,NULL,126,252),
 (NULL,NULL,127,253),
 (NULL,NULL,127,254),
 (NULL,NULL,128,255),
 (NULL,NULL,128,256),
 (NULL,NULL,129,257),
 (NULL,NULL,129,258),
 (NULL,NULL,130,259),
 (NULL,NULL,130,260),
 (NULL,NULL,131,261),
 (NULL,NULL,131,262),
 (NULL,NULL,132,263),
 (NULL,NULL,132,264),
 (NULL,NULL,133,265),
 (NULL,NULL,133,266),
 (NULL,NULL,134,267),
 (NULL,NULL,134,268),
 (NULL,NULL,135,269),
 (NULL,NULL,135,270),
 (NULL,NULL,136,271),
 (NULL,NULL,136,272),
 (NULL,NULL,137,273),
 (NULL,NULL,137,274),
 (NULL,NULL,138,275),
 (NULL,NULL,138,276),
 (NULL,NULL,139,277),
 (NULL,NULL,139,278),
 (NULL,NULL,140,279),
 (NULL,NULL,140,280),
 (NULL,NULL,141,281),
 (NULL,NULL,141,282),
 (NULL,NULL,142,283),
 (NULL,NULL,142,284),
 (NULL,NULL,143,285),
 (NULL,NULL,143,286),
 (NULL,NULL,144,287),
 (NULL,NULL,144,288),
 (NULL,NULL,145,289),
 (NULL,NULL,145,290),
 (NULL,NULL,146,291),
 (NULL,NULL,146,292),
 (NULL,NULL,147,293),
 (NULL,NULL,147,294),
 (NULL,NULL,148,295),
 (NULL,NULL,148,296),
 (NULL,NULL,149,297),
 (NULL,NULL,149,298),
 (NULL,NULL,150,299),
 (NULL,NULL,150,300),
 (NULL,NULL,151,301),
 (NULL,NULL,151,302),
 (NULL,NULL,152,303),
 (NULL,NULL,152,304),
 (NULL,NULL,153,305),
 (NULL,NULL,153,306),
 (NULL,NULL,154,307),
 (NULL,NULL,154,308),
 (NULL,NULL,155,309),
 (NULL,NULL,155,310),
 (NULL,NULL,156,311),
 (NULL,NULL,156,312),
 (NULL,NULL,157,313),
 (NULL,NULL,157,314),
 (NULL,NULL,158,315),
 (NULL,NULL,158,316),
 (NULL,NULL,159,317),
 (NULL,NULL,159,318),
 (NULL,NULL,160,319),
 (NULL,NULL,160,320),
 (NULL,NULL,161,321),
 (NULL,NULL,161,322),
 (NULL,NULL,162,323),
 (NULL,NULL,162,324),
 (NULL,NULL,163,325),
 (NULL,NULL,163,326),
 (NULL,NULL,164,327),
 (NULL,NULL,164,328),
 (NULL,NULL,165,329),
 (NULL,NULL,165,330),
 (NULL,NULL,166,331),
 (NULL,NULL,166,332),
 (NULL,NULL,167,333),
 (NULL,NULL,167,334),
 (NULL,NULL,168,335),
 (NULL,NULL,168,336),
 (NULL,NULL,169,337),
 (NULL,NULL,169,338),
 (NULL,NULL,170,339),
 (NULL,NULL,170,340),
 (NULL,NULL,171,341),
 (NULL,NULL,171,342),
 (NULL,NULL,172,343),
 (NULL,NULL,172,344),
 (NULL,NULL,173,345),
 (NULL,NULL,173,346),
 (NULL,NULL,174,347),
 (NULL,NULL,174,348),
 (NULL,NULL,175,349),
 (NULL,NULL,175,350),
 (NULL,NULL,176,351),
 (NULL,NULL,176,352),
 (NULL,NULL,177,353),
 (NULL,NULL,177,354),
 (NULL,NULL,178,355),
 (NULL,NULL,178,356),
 (NULL,NULL,179,357),
 (NULL,NULL,179,358),
 (NULL,NULL,180,359),
 (NULL,NULL,180,360),
 (NULL,NULL,181,361),
 (NULL,NULL,181,362),
 (NULL,NULL,182,363),
 (NULL,NULL,182,364),
 (NULL,NULL,183,365),
 (NULL,NULL,183,366),
 (NULL,NULL,184,367),
 (NULL,NULL,184,368),
 (NULL,NULL,185,369),
 (NULL,NULL,185,370),
 (NULL,NULL,186,371),
 (NULL,NULL,186,372),
 (NULL,NULL,187,373),
 (NULL,NULL,187,374),
 (NULL,NULL,188,375),
 (NULL,NULL,188,376),
 (NULL,NULL,189,377),
 (NULL,NULL,189,378),
 (NULL,NULL,190,379),
 (NULL,NULL,190,380),
 (NULL,NULL,191,381),
 (NULL,NULL,191,382),
 (NULL,NULL,192,383),
 (NULL,NULL,192,384),
 (NULL,NULL,193,385),
 (NULL,NULL,193,386),
 (NULL,NULL,194,387),
 (NULL,NULL,194,388),
 (NULL,NULL,195,389),
 (NULL,NULL,195,390),
 (NULL,NULL,196,391),
 (NULL,NULL,196,392),
 (NULL,NULL,197,393),
 (NULL,NULL,197,394),
 (NULL,NULL,198,395),
 (NULL,NULL,198,396),
 (NULL,NULL,199,397),
 (NULL,NULL,199,398),
 (NULL,NULL,200,399),
 (NULL,NULL,200,400),
 (NULL,NULL,201,401),
 (NULL,NULL,201,402),
 (NULL,NULL,202,403),
 (NULL,NULL,202,404),
 (NULL,NULL,203,405),
 (NULL,NULL,203,406),
 (NULL,NULL,204,407),
 (NULL,NULL,204,408),
 (NULL,NULL,205,409),
 (NULL,NULL,205,410),
 (NULL,NULL,206,411),
 (NULL,NULL,206,412),
 (NULL,NULL,207,413),
 (NULL,NULL,207,414),
 (NULL,NULL,208,415),
 (NULL,NULL,208,416);
INSERT INTO "tabfaltas" ("falta") VALUES ('Habló en tercera persona'),
 ('Habló en primera persona'),
 ('No agradeció a la mesa'),
 ('Agradeció a la mesa'),
 ('No respondió una cuestionante'),
 ('Acabó su tiempo antes de terminar'),
 ('Utilizó bien su tiempo'),
 ('Utilizó palabras prohibidas');
INSERT INTO "tabnota" ("idNota","Desc","Nota") VALUES (1,NULL,100.0),
 (2,NULL,100.0),
 (3,NULL,100.0),
 (4,NULL,100.0),
 (5,NULL,100.0),
 (6,NULL,100.0),
 (7,NULL,100.0),
 (8,NULL,100.0),
 (9,NULL,100.0),
 (10,NULL,100.0),
 (11,NULL,100.0),
 (12,NULL,100.0),
 (13,NULL,100.0),
 (14,NULL,100.0),
 (15,NULL,100.0),
 (16,NULL,100.0),
 (17,NULL,100.0),
 (18,NULL,100.0),
 (19,NULL,100.0),
 (20,NULL,100.0),
 (21,NULL,100.0),
 (22,NULL,100.0),
 (23,NULL,100.0),
 (24,NULL,100.0),
 (25,NULL,100.0),
 (26,NULL,100.0),
 (27,NULL,100.0),
 (28,NULL,100.0),
 (29,NULL,100.0),
 (30,NULL,100.0),
 (31,NULL,100.0),
 (32,NULL,100.0),
 (33,NULL,100.0),
 (34,NULL,100.0),
 (35,NULL,100.0),
 (36,NULL,100.0),
 (37,NULL,100.0),
 (38,NULL,100.0),
 (39,NULL,100.0),
 (40,NULL,100.0),
 (41,NULL,100.0),
 (42,NULL,100.0),
 (43,NULL,100.0),
 (44,NULL,100.0),
 (45,NULL,100.0),
 (46,NULL,100.0),
 (47,NULL,100.0),
 (48,NULL,100.0),
 (49,NULL,100.0),
 (50,NULL,100.0),
 (51,NULL,100.0),
 (52,NULL,100.0),
 (53,NULL,100.0),
 (54,NULL,100.0),
 (55,NULL,100.0),
 (56,NULL,100.0),
 (57,NULL,100.0),
 (58,NULL,100.0),
 (59,NULL,100.0),
 (60,NULL,100.0),
 (61,NULL,100.0),
 (62,NULL,100.0),
 (63,NULL,100.0),
 (64,NULL,100.0),
 (65,NULL,100.0),
 (66,NULL,100.0),
 (67,NULL,100.0),
 (68,NULL,100.0),
 (69,NULL,100.0),
 (70,NULL,100.0),
 (71,NULL,100.0),
 (72,NULL,100.0),
 (73,NULL,100.0),
 (74,NULL,100.0),
 (75,NULL,100.0),
 (76,NULL,100.0),
 (77,NULL,100.0),
 (78,NULL,100.0),
 (79,NULL,100.0),
 (80,NULL,100.0),
 (81,NULL,100.0),
 (82,NULL,100.0),
 (83,NULL,100.0),
 (84,NULL,100.0),
 (85,NULL,100.0),
 (86,NULL,100.0),
 (87,NULL,100.0),
 (88,NULL,100.0),
 (89,NULL,100.0),
 (90,NULL,100.0),
 (91,NULL,100.0),
 (92,NULL,100.0),
 (93,NULL,100.0),
 (94,NULL,100.0),
 (95,NULL,100.0),
 (96,NULL,100.0),
 (97,NULL,100.0),
 (98,NULL,100.0),
 (99,NULL,100.0),
 (100,NULL,100.0),
 (101,NULL,100.0),
 (102,NULL,100.0),
 (103,NULL,100.0),
 (104,NULL,100.0),
 (105,NULL,100.0),
 (106,NULL,100.0),
 (107,NULL,100.0),
 (108,NULL,100.0),
 (109,NULL,100.0),
 (110,NULL,100.0),
 (111,NULL,100.0),
 (112,NULL,100.0),
 (113,NULL,100.0),
 (114,NULL,100.0),
 (115,NULL,100.0),
 (116,NULL,100.0),
 (117,NULL,100.0),
 (118,NULL,100.0),
 (119,NULL,100.0),
 (120,NULL,100.0),
 (121,NULL,100.0),
 (122,NULL,100.0),
 (123,NULL,100.0),
 (124,NULL,100.0),
 (125,NULL,100.0),
 (126,NULL,100.0),
 (127,NULL,100.0),
 (128,NULL,100.0),
 (129,NULL,100.0),
 (130,NULL,100.0),
 (131,NULL,100.0),
 (132,NULL,100.0),
 (133,NULL,100.0),
 (134,NULL,100.0),
 (135,NULL,100.0),
 (136,NULL,100.0),
 (137,NULL,100.0),
 (138,NULL,100.0),
 (139,NULL,100.0),
 (140,NULL,100.0),
 (141,NULL,100.0),
 (142,NULL,100.0),
 (143,NULL,100.0),
 (144,NULL,100.0),
 (145,NULL,100.0),
 (146,NULL,100.0),
 (147,NULL,100.0),
 (148,NULL,100.0),
 (149,NULL,100.0),
 (150,NULL,100.0),
 (151,NULL,100.0),
 (152,NULL,100.0),
 (153,NULL,100.0),
 (154,NULL,100.0),
 (155,NULL,100.0),
 (156,NULL,100.0),
 (157,NULL,100.0),
 (158,NULL,100.0),
 (159,NULL,100.0),
 (160,NULL,100.0),
 (161,NULL,100.0),
 (162,NULL,100.0),
 (163,NULL,100.0),
 (164,NULL,100.0),
 (165,NULL,100.0),
 (166,NULL,100.0),
 (167,NULL,100.0),
 (168,NULL,100.0),
 (169,NULL,100.0),
 (170,NULL,100.0),
 (171,NULL,100.0),
 (172,NULL,100.0),
 (173,NULL,100.0),
 (174,NULL,100.0),
 (175,NULL,100.0),
 (176,NULL,100.0),
 (177,NULL,100.0),
 (178,NULL,100.0),
 (179,NULL,100.0),
 (180,NULL,100.0),
 (181,NULL,100.0),
 (182,NULL,100.0),
 (183,NULL,100.0),
 (184,NULL,100.0),
 (185,NULL,100.0),
 (186,NULL,100.0),
 (187,NULL,100.0),
 (188,NULL,100.0),
 (189,NULL,100.0),
 (190,NULL,100.0),
 (191,NULL,100.0),
 (192,NULL,100.0),
 (193,NULL,100.0),
 (194,NULL,100.0),
 (195,NULL,100.0),
 (196,NULL,100.0),
 (197,NULL,100.0),
 (198,NULL,100.0),
 (199,NULL,100.0),
 (200,NULL,100.0),
 (201,NULL,100.0),
 (202,NULL,100.0),
 (203,NULL,100.0),
 (204,NULL,100.0),
 (205,NULL,100.0),
 (206,NULL,100.0),
 (207,NULL,100.0),
 (208,NULL,100.0),
 (209,NULL,100.0),
 (210,NULL,100.0),
 (211,NULL,100.0),
 (212,NULL,100.0),
 (213,NULL,100.0),
 (214,NULL,100.0),
 (215,NULL,100.0),
 (216,NULL,100.0),
 (217,NULL,100.0),
 (218,NULL,100.0),
 (219,NULL,100.0),
 (220,NULL,100.0),
 (221,NULL,100.0),
 (222,NULL,100.0),
 (223,NULL,100.0),
 (224,NULL,100.0),
 (225,NULL,100.0),
 (226,NULL,100.0),
 (227,NULL,100.0),
 (228,NULL,100.0),
 (229,NULL,100.0),
 (230,NULL,100.0),
 (231,NULL,100.0),
 (232,NULL,100.0),
 (233,NULL,100.0),
 (234,NULL,100.0),
 (235,NULL,100.0),
 (236,NULL,100.0),
 (237,NULL,100.0),
 (238,NULL,100.0),
 (239,NULL,100.0),
 (240,NULL,100.0),
 (241,NULL,100.0),
 (242,NULL,100.0),
 (243,NULL,100.0),
 (244,NULL,100.0),
 (245,NULL,100.0),
 (246,NULL,100.0),
 (247,NULL,100.0),
 (248,NULL,100.0),
 (249,NULL,100.0),
 (250,NULL,100.0),
 (251,NULL,100.0),
 (252,NULL,100.0),
 (253,NULL,100.0),
 (254,NULL,100.0),
 (255,NULL,100.0),
 (256,NULL,100.0),
 (257,NULL,100.0),
 (258,NULL,100.0),
 (259,NULL,100.0),
 (260,NULL,100.0),
 (261,NULL,100.0),
 (262,NULL,100.0),
 (263,NULL,100.0),
 (264,NULL,100.0),
 (265,NULL,100.0),
 (266,NULL,100.0),
 (267,NULL,100.0),
 (268,NULL,100.0),
 (269,NULL,100.0),
 (270,NULL,100.0),
 (271,NULL,100.0),
 (272,NULL,100.0),
 (273,NULL,100.0),
 (274,NULL,100.0),
 (275,NULL,100.0),
 (276,NULL,100.0),
 (277,NULL,100.0),
 (278,NULL,100.0),
 (279,NULL,100.0),
 (280,NULL,100.0),
 (281,NULL,100.0),
 (282,NULL,100.0),
 (283,NULL,100.0),
 (284,NULL,100.0),
 (285,NULL,100.0),
 (286,NULL,100.0),
 (287,NULL,100.0),
 (288,NULL,100.0),
 (289,NULL,100.0),
 (290,NULL,100.0),
 (291,NULL,100.0),
 (292,NULL,100.0),
 (293,NULL,100.0),
 (294,NULL,100.0),
 (295,NULL,100.0),
 (296,NULL,100.0),
 (297,NULL,100.0),
 (298,NULL,100.0),
 (299,NULL,100.0),
 (300,NULL,100.0),
 (301,NULL,100.0),
 (302,NULL,100.0),
 (303,NULL,100.0),
 (304,NULL,100.0),
 (305,NULL,100.0),
 (306,NULL,100.0),
 (307,NULL,100.0),
 (308,NULL,100.0),
 (309,NULL,100.0),
 (310,NULL,100.0),
 (311,NULL,100.0),
 (312,NULL,100.0),
 (313,NULL,100.0),
 (314,NULL,100.0),
 (315,NULL,100.0),
 (316,NULL,100.0),
 (317,NULL,100.0),
 (318,NULL,100.0),
 (319,NULL,100.0),
 (320,NULL,100.0),
 (321,NULL,100.0),
 (322,NULL,100.0),
 (323,NULL,100.0),
 (324,NULL,100.0),
 (325,NULL,100.0),
 (326,NULL,100.0),
 (327,NULL,100.0),
 (328,NULL,100.0),
 (329,NULL,100.0),
 (330,NULL,100.0),
 (331,NULL,100.0),
 (332,NULL,100.0),
 (333,NULL,100.0),
 (334,NULL,100.0),
 (335,NULL,100.0),
 (336,NULL,100.0),
 (337,NULL,100.0),
 (338,NULL,100.0),
 (339,NULL,100.0),
 (340,NULL,100.0),
 (341,NULL,100.0),
 (342,NULL,100.0),
 (343,NULL,100.0),
 (344,NULL,100.0),
 (345,NULL,100.0),
 (346,NULL,100.0),
 (347,NULL,100.0),
 (348,NULL,100.0),
 (349,NULL,100.0),
 (350,NULL,100.0),
 (351,NULL,100.0),
 (352,NULL,100.0),
 (353,NULL,100.0),
 (354,NULL,100.0),
 (355,NULL,100.0),
 (356,NULL,100.0),
 (357,NULL,100.0),
 (358,NULL,100.0),
 (359,NULL,100.0),
 (360,NULL,100.0),
 (361,NULL,100.0),
 (362,NULL,100.0),
 (363,NULL,100.0),
 (364,NULL,100.0),
 (365,NULL,100.0),
 (366,NULL,100.0),
 (367,NULL,100.0),
 (368,NULL,100.0),
 (369,NULL,100.0),
 (370,NULL,100.0),
 (371,NULL,100.0),
 (372,NULL,100.0),
 (373,NULL,100.0),
 (374,NULL,100.0),
 (375,NULL,100.0),
 (376,NULL,100.0),
 (377,NULL,100.0),
 (378,NULL,100.0),
 (379,NULL,100.0),
 (380,NULL,100.0),
 (381,NULL,100.0),
 (382,NULL,100.0),
 (383,NULL,100.0),
 (384,NULL,100.0),
 (385,NULL,100.0),
 (386,NULL,100.0),
 (387,NULL,100.0),
 (388,NULL,100.0),
 (389,NULL,100.0),
 (390,NULL,100.0),
 (391,NULL,100.0),
 (392,NULL,100.0),
 (393,NULL,100.0),
 (394,NULL,100.0),
 (395,NULL,100.0),
 (396,NULL,100.0),
 (397,NULL,100.0),
 (398,NULL,100.0),
 (399,NULL,100.0),
 (400,NULL,100.0),
 (401,NULL,100.0),
 (402,NULL,100.0),
 (403,NULL,100.0),
 (404,NULL,100.0),
 (405,NULL,100.0),
 (406,NULL,100.0),
 (407,NULL,100.0),
 (408,NULL,100.0),
 (409,NULL,100.0),
 (410,NULL,100.0),
 (411,NULL,100.0),
 (412,NULL,100.0),
 (413,NULL,100.0),
 (414,NULL,100.0),
 (415,NULL,100.0),
 (416,NULL,100.0);
INSERT INTO "tabtiempos" ("lectura","cuestionar","pensar","contestar") VALUES (60,30,30,60);
COMMIT;
